caseName,candidateFunction,executionStatus,verificationStatus,conclusion,counterexample,message,attemptCount,finalStatus,stopReason
Bresenham1botht#loop,,COMPLETED,NOT_PROVED,NO,,"SiliconFlow request failed with HTTP 403. Response: {""code"":30004,""message"":""Model is private. You can not access it"",""data"":null}",5,NOT_PROVED,
Cohencu1botht#loop,,COMPLETED,NOT_PROVED,NO,,"SiliconFlow request failed with HTTP 403. Response: {""code"":30004,""message"":""Model is private. You can not access it"",""data"":null}",5,NOT_PROVED,
Cohencu2botht#loop,,COMPLETED,NOT_PROVED,NO,,"SiliconFlow request failed with HTTP 403. Response: {""code"":30004,""message"":""Model is private. You can not access it"",""data"":null}",5,NOT_PROVED,
Cohencu3botht#loop,,COMPLETED,NOT_PROVED,NO,,"SiliconFlow request failed with HTTP 403. Response: {""code"":30004,""message"":""Model is private. You can not access it"",""data"":null}",5,NOT_PROVED,
Cohencu4botht#loop,,COMPLETED,NOT_PROVED,NO,,"SiliconFlow request failed with HTTP 403. Response: {""code"":30004,""message"":""Model is private. You can not access it"",""data"":null}",5,NOT_PROVED,
Cohencu5botht#loop,,COMPLETED,NOT_PROVED,NO,,"SiliconFlow request failed with HTTP 403. Response: {""code"":30004,""message"":""Model is private. You can not access it"",""data"":null}",5,NOT_PROVED,
Cohencu6botht#loop,,COMPLETED,NOT_PROVED,NO,,"SiliconFlow request failed with HTTP 403. Response: {""code"":30004,""message"":""Model is private. You can not access it"",""data"":null}",5,NOT_PROVED,
Cohencu7botht#loop,,COMPLETED,NOT_PROVED,NO,,"SiliconFlow request failed with HTTP 403. Response: {""code"":30004,""message"":""Model is private. You can not access it"",""data"":null}",5,NOT_PROVED,
Dijkstra1botht#loop,,COMPLETED,NOT_PROVED,NO,,"SiliconFlow request failed with HTTP 403. Response: {""code"":30004,""message"":""Model is private. You can not access it"",""data"":null}",5,NOT_PROVED,
Dijkstra2botht#loop,,COMPLETED,NOT_PROVED,NO,,"SiliconFlow request failed with HTTP 403. Response: {""code"":30004,""message"":""Model is private. You can not access it"",""data"":null}",5,NOT_PROVED,
Dijkstra3botht#loop,,COMPLETED,NOT_PROVED,NO,,"SiliconFlow request failed with HTTP 403. Response: {""code"":30004,""message"":""Model is private. You can not access it"",""data"":null}",5,NOT_PROVED,
Dijkstra4botht#loop,,COMPLETED,NOT_PROVED,NO,,"SiliconFlow request failed with HTTP 403. Response: {""code"":30004,""message"":""Model is private. You can not access it"",""data"":null}",5,NOT_PROVED,
Dijkstra5botht#loop,,COMPLETED,NOT_PROVED,NO,,"SiliconFlow request failed with HTTP 403. Response: {""code"":30004,""message"":""Model is private. You can not access it"",""data"":null}",5,NOT_PROVED,
Dijkstra6botht#loop,,COMPLETED,NOT_PROVED,NO,,"SiliconFlow request failed with HTTP 403. Response: {""code"":30004,""message"":""Model is private. You can not access it"",""data"":null}",5,NOT_PROVED,
Egcdbotht#loop,,COMPLETED,NOT_PROVED,NO,,"SiliconFlow request failed with HTTP 403. Response: {""code"":30004,""message"":""Model is private. You can not access it"",""data"":null}",5,NOT_PROVED,
Egcd2botht#loop,,COMPLETED,NOT_PROVED,NO,,"SiliconFlow request failed with HTTP 403. Response: {""code"":30004,""message"":""Model is private. You can not access it"",""data"":null}",5,NOT_PROVED,
Egcd3botht#loop,,COMPLETED,NOT_PROVED,NO,,"SiliconFlow request failed with HTTP 403. Response: {""code"":30004,""message"":""Model is private. You can not access it"",""data"":null}",5,NOT_PROVED,
Fermat1botht#loop,,COMPLETED,NOT_PROVED,NO,,"SiliconFlow request failed with HTTP 403. Response: {""code"":30004,""message"":""Model is private. You can not access it"",""data"":null}",5,NOT_PROVED,
Freire1botht#loop,,COMPLETED,NOT_PROVED,NO,,"SiliconFlow request failed with HTTP 403. Response: {""code"":30004,""message"":""Model is private. You can not access it"",""data"":null}",5,NOT_PROVED,
